<?xml version="1.0" encoding="UTF-8" ?>
<!DOCTYPE mapper PUBLIC "-//mybatis.org//DTD Mapper 3.0//EN" "http://mybatis.org/dtd/mybatis-3-mapper.dtd" >
<mapper namespace="com.dao.UserDao" >
    <resultMap id="BaseResultMap" type="com.pojo.User" >
        <id column="user_id" property="user_id" jdbcType="INTEGER" />
        <result column="username" property="username" jdbcType="VARCHAR" />
        <result column="password" property="password" jdbcType="VARCHAR" />

    </resultMap>
    <sql id="Base_Column_List" >
    user_id, password, username
  </sql>
    <select id="selectByPrimaryKey" resultMap="BaseResultMap" parameterType="java.lang.Integer" >
        select
        <include refid="Base_Column_List" />
        from users
        where user_id = #{user_id,jdbcType=INTEGER}
    </select>
    <delete id="deleteByPrimaryKey" parameterType="java.lang.Integer" >
    delete from users
    where user_id = #{user_id,jdbcType=INTEGER}
  </delete>
    <insert id="register" parameterType="com.pojo.User" >
    insert into users(user_id, username, password)
    value (#{user_id}, #{username}, #{password})
  </insert>


    <!--    <insert id="register" parameterType="com.pojo.User" >-->
    <!--        insert into users-->
    <!--        <trim prefix="(" suffix=")" suffixOverrides="," >-->
    <!--            <if test="password != null" >-->
    <!--                password,-->
    <!--            </if>-->
    <!--            <if test="username != null" >-->
    <!--                username,-->
    <!--            </if>-->
    <!--        </trim>-->
    <!--        <trim prefix="values (" suffix=")" suffixOverrides="," >-->

    <!--            <if test="password != null" >-->
    <!--                #{password,jdbcType=VARCHAR},-->
    <!--            </if>-->
    <!--            <if test="username != null" >-->
    <!--                #{username,jdbcType=VARCHAR},-->
    <!--            </if>-->
    <!--        </trim>-->
    <!--    </insert>-->
    <update id="updateByPrimaryKeySelective" parameterType="com.pojo.User" >
        update users
        <set >
            <if test="password != null" >
                password = #{password,jdbcType=VARCHAR},
            </if>
            <if test="username != null" >
                username = #{username,jdbcType=VARCHAR},
            </if>
        </set>
        where user_id = #{user_id,jdbcType=INTEGER}
    </update>
    <update id="updateByPrimaryKey" parameterType="com.pojo.User" >
    update users
    set password = #{password,jdbcType=VARCHAR},
      username = #{username,jdbcType=VARCHAR}
    where user_id = #{user_id,jdbcType=INTEGER}
  </update>

    <select id="selectByName" resultMap="BaseResultMap" parameterType="string" >
        select
        <include refid="Base_Column_List" />
        from users
        where username = #{username,jdbcType=VARCHAR}
    </select>

</mapper>